1,กรุงเทพมหานคร  ,กรุงเทพมหานคร สาขาจตุจักร,,,,
2,กระบี่ ,กระบี่,075611260,,,
3,กระบี่,กระบี่ สาขาอ่าวลึก,075681483,,,
4,กระบี่,กระบี่ สาขาคลองท่อม,075699251,,,
5,กระบี่,กระบี่ สาขาคลองท่อม ส่วนแยกเกาะลันตา,075684581,,,
6,กระบี่ ,กระบี่  อำเภอเขาพนม,075689212,,,
7,กระบี่ ,กระบี่  อำเภอเหนือคลอง,075626342,,,
8,กระบี่ ,กระบี่  อำเภอปลายพระยา,075687126,,,
9,กระบี่ ,กระบี่  อำเภอลำทับ,075643192,,,
10,กาญจนบุรี ,กาญจนบุรี,034515261,034511580,034514186,
11,กาญจนบุรี ,กาญจนบุรี  สาขาท่ามะกา,034541995,,,
12,กาญจนบุรี,กาญจนบุรี สาขาบ่อพลอย,034581252,,,
13,กาญจนบุรี,กาญจนบุรี สาขาทองผาภูมิ,034599497,,,
14,กาญจนบุรี,กาญจนบุรี ส่วนแยกเลาขวัญ,034576271,,,
15,กาญจนบุรี,กาญจนบุรี สาขาท่าม่วง,034511794,,,
16,กาญจนบุรี,กาญจนบุรี สาขาพนมทวน,034630419,,,
17,กาญจนบุรี,กาญจนบุรี อำเภอไทรโยค,034591254,,,
18,กาญจนบุรี,กาญจนบุรี อำเภอศรีสวัสดิ์,034597094,,,
19,กาญจนบุรี,กาญจนบุรี อำเภอด่านมะขามเตี้ย,034642119,,,
20,กาญจนบุรี,กาญจนบุรี อำเภอสังขละบุรี,034595550,,,
21,กาญจนบุรี,กาญจนบุรี อำเภอหนองปรือ,034645191,,,
22,กาญจนบุรี,กาญจนบุรี อำเภอห้วยกระเจา,034650024,,,
23,กาฬสินธุ์,กาฬสินธุ์,043811663,,,
24,กาฬสินธุ์,กาฬสินธุ์ สาขายางตลาด ,043891365,,,
25,กาฬสินธุ์,กาฬสินธุ์ สาขาสมเด็จ ,043861619,,,
26,กาฬสินธุ์,กาฬสินธุ์ สาขากมลาไสย,043899012,,,
27,กาฬสินธุ์,กาฬสินธุ์ สาขากุฉินารายณ์ ,043851447,,,
28,กาฬสินธุ์,กาฬสินธุ์ สาขาหนองกุงศรี,043881125,,,
29,กาฬสินธุ์ ,กาฬสินธุ์  อำเภอสหัสขันธ์,043871069,,,
30,กาฬสินธุ์ ,กาฬสินธุ์  อำเภอร่องคำ,043897076,,,
31,กาฬสินธุ์ ,กาฬสินธุ์  อำเภอคำม่วง,043879388,,,
32,กาฬสินธุ์ ,กาฬสินธุ์  อำเภอนามน,043867058,,,
33,กาฬสินธุ์ ,กาฬสินธุ์  อำเภอห้วยผึ้ง,043869177,,,
34,กาฬสินธุ์ ,กาฬสินธุ์  อำเภอเขาวง,043859118,,,
35,กาฬสินธุ์ ,กาฬสินธุ์  อำเภอท่าคันโท,043877056,,,
36,กาฬสินธุ์ ,กาฬสินธุ์  อำเภอห้วยเม็ก,043889057,,,
37,กาฬสินธุ์ ,กาฬสินธุ์  อำเภอสามชัย,043818156,,,
38,กาฬสินธุ์ ,กาฬสินธุ์  อำเภอนาคู,043126891,,,
39,กำแพงเพชร ,กำแพงเพชร,055705043,055745121-3,,
40,กำแพงเพชร,กำแพงเพชร สาขาคลองขลุง,055781503,055781586,,
41,กำแพงเพชร,กำแพงเพชร สาขาขาณุวรลักษบุรี ,055779228,055779233,055779632,
42,กำแพงเพชร ,กำแพงเพชร  อำเภอพรานกระต่าย,055761754,,,
43,กำแพงเพชร ,กำแพงเพชร  อำเภอไทรงาม,055791186,,,
44,กำแพงเพชร ,กำแพงเพชร  อำเภอลานกระบือ,055769350,,,
45,กำแพงเพชร ,กำแพงเพชร  อำเภอคลองลาน,055786328,,,
46,กำแพงเพชร ,กำแพงเพชร  อำเภอทรายทองวัฒนา,055732180,,,
47,กำแพงเพชร ,กำแพงเพชร  อำเภอปางศิลาทอง,055868899,,,
48,กำแพงเพชร ,กำแพงเพชร  อำเภอบึงสามัคคี,055772524,,,
49,ขอนแก่น ,ขอนแก่น  สาขาพล,043415505,043414050,,
50,ขอนแก่น ,ขอนแก่น  สาขาบ้านไผ่,043473501,,,
51,ขอนแก่น ,ขอนแก่น  สาขาน้ำพอง,043431507,,,
52,ขอนแก่น,ขอนแก่น สาขาชุมแพ,043311277,,,
53,ขอนแก่น,ขอนแก่น สาขาหนองสองห้อง,043491130,,,
54,ขอนแก่น,ขอนแก่น สาขาหนองเรือ ,043294039,,,
55,ขอนแก่น,ขอนแก่น สาขาภูเวียง,043291230,,,
56,ขอนแก่น,ขอนแก่น สาขากระนวน,043251112,,,
57,ขอนแก่น,ขอนแก่น สาขามัญจาคีรี ,043289125,,,
58,ขอนแก่น,ขอนแก่น สาขาบ้านฝาง,043269092,,,
59,ขอนแก่น,ขอนแก่น สาขาพระยืน,04326602,,,
60,ขอนแก่น,ขอนแก่น สาขาแวงน้อย,043499074,,,
61,ขอนแก่น,ขอนแก่น สาขาสีชมพู,043399153,,,
62,ขอนแก่น,ขอนแก่น สาขาน้ำพอง ส่วนแยกอุบลรัตน์,043446134,,,
63,ขอนแก่น,ขอนแก่น อำเภอแวงใหญ่,043496095,,,
64,ขอนแก่น,ขอนแก่น อำเภอชนบท,043286130,,,
65,ขอนแก่น,ขอนแก่น อำเภอเปือยน้อย,043494141,,,
66,ขอนแก่น,ขอนแก่น อำเภอภูผาม่าน,043396296,,,
67,ขอนแก่น,ขอนแก่น อำเภอเขาสวนกลาง,043449025,,,
68,ขอนแก่น,ขอนแก่น อำเภอบ้านแฮด,043218286,,,
69,ขอนแก่น,ขอนแก่น อำเภอหนองนาคำ,043217145,,,
70,ขอนแก่น,ขอนแก่น อำเภอชำสูง,043219200,,,
71,ขอนแก่น,ขอนแก่น อำเภอโคกโพธิ์ไชย,043216249,,,
72,จันทบุรี ,จันทบุรี  สาขาท่าใหม่ ,039431564,,,
73,จันทบุรี,จันทบุรี สาขามะขาม,039389024,,,
74,จันทบุรี,จันทบุรี สาขาขลุง,039441688,,,
75,จันทบุรี,จันทบุรี ส่วนแยกแหลมสิงห์,039499323,,,
76,จันทบุรี ,จันทบุรี  อำเภอนายายอาม,039491090,,,
77,จันทบุรี ,จันทบุรี  อำเภอแก่งหางแมว,039308084,,,
78,จันทบุรี ,จันทบุรี  อำเภอโป่งน้ำร้อน,039447277,,,
79,จันทบุรี ,จันทบุรี  อำเภอสอยดาว,039421100,,,
80,ฉะเชิงเทรา,ฉะเชิงเทรา สาขาบางคล้า ,038541064,038542068,,
81,ฉะเชิงเทรา,ฉะเชิงเทรา สาขาพนมสารคาม,038551822,,,
82,ฉะเชิงเทรา,ฉะเชิงเทรา สาขาบางปะกง ,038539771-2,,,
83,ฉะเชิงเทรา,ฉะเชิงเทรา อำเภอบางน้ำเปรี้ยว,038581094,,,
84,ฉะเชิงเทรา,ฉะเชิงเทรา อำเภอแปลงยาว,038589006,,,
85,ฉะเชิงเทรา,ฉะเชิงเทรา อำเภอสนามชัยเขต,038597555,,,
86,ฉะเชิงเทรา,ฉะเชิงเทรา อำเภอราชสาส์น,038591021,,,
87,ฉะเชิงเทรา,ฉะเชิงเทรา อำเภอท่าตะเกียบ,038508245,,,
88,ฉะเชิงเทรา,ฉะเชิงเทรา อำเภอบ้านโพธิ์,038587369,,,
89,ชลบุรี ,ชลบุรี  สาขาพนัสนิคม,038474963-4,,,
90,ชลบุรี ,ชลบุรี  สาขาสัตหีบ,038437851,,,
91,ชลบุรี ,ชลบุรี  สาขาบ้านบึง,038443702,,,
92,ชลบุรี,ชลบุรี อำเภอพานทอง,038452744,,,
93,ชลบุรี,ชลบุรี อำเภอหนองใหญ่,038219641,,,
94,ชลบุรี,ชลบุรี อำเภอเกาะสีชัง,,,,
95,ชลบุรี,ชลบุรี อำเภอบ่อทอง,038211010,,,
96,ชัยนาท,ชัยนาท สาขาสรรคบุรี,056481493,,,
97,ชัยนาท,ชัยนาท สาขาหันคา,056422521-2,,,
98,ชัยนาท,ชัยนาท สาขาวัดสิงห์,056461415,,,
99,ชัยนาท,ชัยนาท อำเภอมโนรมย์,056491380,,,
100,ชัยนาท,ชัยนาท อำเภอสรรพยา,056499159,,,
101,ชัยนาท,ชัยนาท อำเภอหนองมะโมง,056466304,,,
102,ชัยภูมิ,ชัยภูมิ,044811358,044811677,,
103,ชัยภูมิ,ชัยภูมิ สาขาภูเขียว,044861643,,,
104,ชัยภูมิ,ชัยภูมิ สาขาจตุรัส,044851404,044851441,,
105,ชัยภูมิ,ชัยภูมิ สาขาแก้งคร้อ,044882910,,,
106,ชัยภูมิ,ชัยภูมิ สาขาคอนสวรรค์,044848644,,,
107,ชัยภูมิ,ชัยภูมิ สาขาเกษตรสบูรณ์,044847351,,,
108,ชัยภูมิ,ชัยภูมิ สาขาบ้านเขว้า,044839038,,,
109,ชัยภูมิ,ชัยภูมิ สาขาบำเหน็จณรงค์,044127091,,,
110,ชัยภูมิ,ชัยภูมิ อำเภอหนองบัวแดง,044872779,,,
111,ชัยภูมิ,ชัยภูมิ อำเภอบัวระเหว,044897005,,,
112,ชัยภูมิ,ชัยภูมิ อำเภอภักดีชุมพล,044828111,,,
113,ชัยภูมิ,ชัยภูมิ อำเภอบ้านแท่น,044886295,,,
114,ชัยภูมิ,ชัยภูมิ อำเภอคอนสาร,044876319,,,
115,ชัยภูมิ,ชัยภูมิ อำเภอเนินสง่า,044052969,,,
116,ชัยภูมิ,ชัยภูมิ อำเภอเทพสถิต,044855232,,,
117,ชุมพร ,ชุมพร,077534002,077534027,,
118,ชุมพร,ชุมพร สาขาหลังสวน,077541507,,,
119,ชุมพร,ชุมพร สาขาปะทิว,077591208,077591188,,
120,ชุมพร,ชุมพร สาขาสวี,077531211,,,
121,ชุมพร,ชุมพร สาขาท่าแซะ,077599244,077599880,,
122,ชุมพร,ชุมพร อำเภอพะโต๊ะ,077539088,,,
123,ชุมพร,ชุมพร อำเภอละแม,077559120,,,
124,ชุมพร,ชุมพร อำเภอทุ่งตะโก,077536045,,,
125,เชียงราย,เชียงราย สาขาเวียงป่าเป้า,053781233,,,
126,เชียงราย,เชียงราย สาขาแม่สาย,053732080,,,
127,เชียงราย,เชียงราย สาขาแม่จัน,053771706,,,
128,เชียงราย,เชียงราย สาขาเวียงชัย,053769100,,,
129,เชียงราย,เชียงราย สาขาเทิง,053795468,,,
130,เชียงราย,เชียงราย สาขาพาน,053721867,,,
131,เชียงราย,เชียงราย สาขาเชียงของ,053791167,,,
132,เชียงราย,เชียงราย สาขาเชียงแสน,053777109,,,
133,เชียงราย,เชียงราย สาขาเวียงป่าเป้า ส่วนแยกแม่สรวย,053786468,,,
134,เชียงราย,เชียงราย สาขาเทิง ส่วนแยกพญาเม็งราย,053799151,,,
135,เชียงราย,เชียงราย สาขาพาน ส่วนแยกป่าแดด,053761433,,,
136,เชียงราย,เชียงราย อำเภอแม่ลาว,053778004,,,
137,เชียงราย,เชียงราย อำเภอเวียงแก่น,053608356,,,
138,เชียงใหม่,เชียงใหม่ สาขาแม่ริม,053297829-31,,,
139,เชียงใหม่,เชียงใหม่ สาขาสันทราย,053352880,053352701,,
140,เชียงใหม่,เชียงใหม่ สาขาสันกำแพง,053331400,,,
141,เชียงใหม่,เชียงใหม่ สาขาหางดง,053426180,,,
142,เชียงใหม่,เชียงใหม่ สาขาจอมทอง,053341268,,,
143,เชียงใหม่,เชียงใหม่ สาขาดอยสะเก็ด,053495513,,,
144,เชียงใหม่,เชียงใหม่ สาขาสันป่าตอง,053311356,053311369,,
145,เชียงใหม่,เชียงใหม่ สาขาแม่แตง,053471314,053470314,,
146,เชียงใหม่,เชียงใหม่ สาขาฝาง,053451551,,,
147,เชียงใหม่,เชียงใหม่ สาขาเชียงดาว,053046996,053046997,,
148,เชียงใหม่,เชียงใหม่ สาขาสารภี,053321694,053321934,,
149,เชียงใหม่,เชียงใหม่ สาขาจอมทอง ส่วนแยกแม่แจ่ม,053485108,,,
150,เชียงใหม่,เชียงใหม่ สาขาแม่ริม ส่วนแยกสะเมิง,053487554,,,
151,เชียงใหม่,เชียงใหม่ อำเภอฮอด,053461140,,,
152,เชียงใหม่,เชียงใหม่ อำเภอดอยเต่า ,053469074,,,
153,เชียงใหม่,เชียงใหม่ อำเภออมก๋อย ,053467202,,,
154,เชียงใหม่,เชียงใหม่ อำเภอแม่วาง,053928057,,,
155,เชียงใหม่,เชียงใหม่ อำเภอแม่อาย,053459013,,,
156,เชียงใหม่,เชียงใหม่ อำเภอไชยปราการ,053870732,,,
157,เชียงใหม่,เชียงใหม่ อำเภอเวียงแหง,053477013,,,
158,ตรัง ,ตรัง,075501079,075501122,075501123,
159,ตรัง,ตรัง สาขาห้วยยอด,075271133,,,
160,ตรัง,ตรัง สาขากันตัง,075251189,,,
161,ตรัง,ตรัง สาขาย่านตาขาว,075281431,,,
162,ตรัง,ตรัง ส่วนแยกสิเกา,075291074,,,
163,ตรัง,ตรัง อำเภอวังวิเศษ,075296123,,,
164,ตรัง,ตรัง อำเภอนาโยง,075299250,,,
165,ตรัง,ตรัง อำเภอรัษฎา,075286097,,,
166,ตรัง,ตรัง อำเภอปะเหลียน,075289320,,,
167,ตรัง,ตรัง อำเภอหาดสำราญ,,,,
168,ตาก,ตาก,055511029,,,
169,ตาก,ตาก สาขาแม่สอด,055531389,,,
170,ตาก,ตาก สาขาสามเงา,055800593,,,
171,ตาก,ตาก อำเภอบ้านตาก,055548448,,,
172,ตาก,ตาก อำเภอแม่ระมาด,055581139,,,
173,ตาก,ตาก อำเภอท่าสองยาง,055589245,,,
174,ตาก,ตาก อำเภออุ้มผาง,055561378,,,
175,ตาก,ตาก อำเภอพบพระ,055569013,,,
176,ตราด,ตราด,039511147,039512102,039530493,
177,ตราด,ตราด ส่วนแยกเขาสมิง,039599397,,,
178,ตราด,ตราด ส่วนแยกแหลมงอบ,039597003,,,
179,ตราด,ตราด อำเภอคลองใหญ่,039581349,,,
180,ตราด,ตราด อำเภอบ่อไร่,039591636,,,
181,ตราด,ตราด อำเภอเกาะกูด,,,,
182,นครนายก,นครนายก สาขาองครักษ์,037395495,037395496,037322448,
183,นครนายก ,นครนายก  อำเภอปากพลี,037399910,,,
184,นครนายก ,นครนายก  อำเภอบ้านนา,037382007,,,
185,นครปฐม,นครปฐม สาขานครชัยศรี,034332128,,,
186,นครปฐม,นครปฐม สาขาสามพราน,034232847,,,
187,นครปฐม,นครปฐม สาขากำแพงแสน,034384596,034384597,,
188,นครปฐม,นครปฐม สาขาบางเลน,034234805-7,,,
189,นครปฐม ,นครปฐม  อำเภอดอนตูม,034381132,,,
190,นครปฐม ,นครปฐม  อำเภอพุทธมณฑล,024411625,,,
191,นครพนม,นครพนม,042520804-6,,,
192,นครพนม ,นครพนม  สาขานาแก,042571275,,,
193,นครพนม,นครพนม สาขาธาตุพนม,042541118,,,
194,นครพนม,นครพนม สาขาศรีสงคราม,042599050,,,
195,นครพนม,นครพนม สาขาท่าอุเทน,042581017,,,
196,นครพนม,นครพนม สาขาเรณูนคร,042579107,,,
197,นครพนม,นครพนม สาขาท่าอุเทน ส่วนแยกบ้านแพง,042591251,,,
198,นครพนม,นครพนม สาขาศรีสงคราม ส่วนแยกนาหว้า,042597124,,,
199,นครพนม ,นครพนม  อำเภอปลาปาก,042589118,,,
200,นครพนม ,นครพนม  อำเภอโพนสวรรค์,042595213,,,
201,นครพนม ,นครพนม  อำเภอนาทม,042519112,,,
202,นครพนม ,นครพนม  อำเภอวังยาง,042577072,,,
203,นครราชสีมา,นครราชสีมา สาขาคง ,044459198,,,
204,นครราชสีมา,นครราชสีมา สาขาสูงเนิน,044419476,044419209,,
205,นครราชสีมา,นครราชสีมา สาขาปักธงชัย ,044441044,,,
206,นครราชสีมา,นครราชสีมา สาขาประทาย,044479342,,,
207,นครราชสีมา,นครราชสีมา สาขาพิมาย,044471302,,,
208,นครราชสีมา,นครราชสีมา สาขาโนนสูง,044326170,,,
209,นครราชสีมา,นครราชสีมา สาขาโนนไทย,044381141,,,
210,นครราชสีมา,นครราชสีมา สาขาโชคชัย,044756757-9,,,
211,นครราชสีมา,นครราชสีมา สาขาบัวใหญ่,044461092,,,
212,นครราชสีมา,นครราชสีมา สาขาสีคิ้ว,044411952,044412663,,
213,นครราชสีมา,นครราชสีมา สาขาปากช่อง,044009505,,,
214,นครราชสีมา,นครราชสีมา สาขาจักราช,044399187,,,
215,นครราชสีมา,นครราชสีมา สาขาครบุรี,044448240,,,
216,นครราชสีมา,นครราชสีมา สาขาด่านขุนทด,044389441,,,
217,นครราชสีมา,นครราชสีมา สาขาชุมพวง,044477300,,,
218,นครราชสีมา,นครราชสีมา สาขาสะแกแสง,044385255,,,
219,นครราชสีมา,นครราชสีมา สาขาขามทะเลสอ,044397129,,,
220,นครราชสีมา,นครราชสีมา อำเภอโนนแดง,044475168,,,
221,นครราชสีมา,นครราชสีมา อำเภอหนองบุญมาก,044330180,,,
222,นครราชสีมา,นครราชสีมา อำเภอแก้งสนามนาง,044975403,,,
223,นครราชสีมา,นครราชสีมา อำเภอห้วยแถลง,044391184,,,
224,นครราชสีมา,นครราชสีมา อำเภอเสิงสาง,044447251,,,
225,นครศรีธรรมราช,นครศรีธรรมราช,075432011-2,,,
226,นครศรีธรรมราช,นครศรีธรรมราช สาขาทุ่งสง,075770015,,,
227,นครศรีธรรมราช,นครศรีธรรมราช สาขาเชียรใหญ่,075362659,,,
228,นครศรีธรรมราช,นครศรีธรรมราช สาขาท่าศาลา,075521192,,,
229,นครศรีธรรมราช,นครศรีธรรมราช สาขาสิชล,075535954,,,
230,นครศรีธรรมราช,นครศรีธรรมราช สาขาปากพนัง,075466072,,,
231,นครศรีธรรมราช,นครศรีธรรมราช สาขาหัวไทร,075389434,,,
232,นครศรีธรรมราช,นครศรีธรรมราช สาขาฉวาง,075445714,,,
233,นครศรีธรรมราช,นครศรีธรรมราช สาขาชะอวด,075381422,,,
234,นครศรีธรรมราช,นครศรีธรรมราช สาขาลานสกา,075391024,,,
235,นครศรีธรรมราช,นครศรีธรรมราช สาขาร่อนพิบูลย์,075441146,,,
236,นครศรีธรรมราช,นครศรีธรรมราช สาขาลานสกา ส่วนแยกพรหมคีรี,075338384,,,
237,นครศรีธรรมราช,นครศรีธรรมราช สาขาทุ่งใหญ่,075489147,,,
238,นครศรีธรรมราช,นครศรีธรรมราช อำเภอนาบอน,075491344,,,
239,นครศรีธรรมราช,นครศรีธรรมราช อำเภอบางขัน,075371082,,,
240,นครศรีธรรมราช,นครศรีธรรมราช อำเภอจุฬาภรณ์,075308603,,,
241,นครศรีธรรมราช,นครศรีธรรมราช อำเภอขนอม,075529471,,,
242,นครศรีธรรมราช,นครศรีธรรมราช อำเภอพิปูน,075499025,,,
243,นครศรีธรรมราช,นครศรีธรรมราช อำเภอถ้ำพรรณรา,075306249,,,
244,นครศรีธรรมราช,นครศรีธรรมราช อำเภอนบพิตำ,075307145,,,
245,นครสวรรค์ ,นครสวรรค์,056256154,056256501,056255791,
246,นครสวรรค์ ,นครสวรรค์  สาขาตาคลี,056217605-6.,,,
247,นครสวรรค์ ,นครสวรรค์  อำเภอชุมแสง ,056282291,,,
248,นครสวรรค์ ,นครสวรรค์  สาขาพยุหะคีรี,056341742,,,
249,นครสวรรค์ ,นครสวรรค์  สาขาท่าตะโก,056249453,,,
250,นครสวรรค์,นครสวรรค์ สาขาลาดยาว,056271256,,,
251,นครสวรรค์,นครสวรรค์ สาขาบรรพตพิสัย,056279084,,,
252,นครสวรรค์,นครสวรรค์ สาขาตากฟ้า,056241388,,,
253,นครสวรรค์,นครสวรรค์ สาขาหนองบัว,056251361,056251174,,
254,นครสวรรค์,นครสวรรค์ สาขาท่าตะโก ส่วนแยกไพศาลี,056259255,,,
255,นครสวรรค์ ,นครสวรรค์  อำเภอโกรกพระ,056291520,,,
256,นครสวรรค์ ,นครสวรรค์  อำเภอเก้าเลี้ยว,056319629,,,
257,นครสวรรค์ ,นครสวรรค์  อำเภอแม่วงก์,056238039,,,
258,นครสวรรค์ ,นครสวรรค์  อำเภอชุมตาบง,056293195,,,
259,นนทบุรี ,นนทบุรี  อำเภอไทรน้อย,025971178,,,
260,นนทบุรี ,นนทบุรี  อำเภอบางกรวย,024466162,,,
261,นราธิวาส,นราธิวาส,073511124,,,
262,นราธิวาส,นราธิวาส สาขาสไหงปาดี,073651318,,,
263,นราธิวาส,นราธิวาส สาขารือเสาะ,073571485,,,
264,นราธิวาส,นราธิวาส สาขาตากใบ,073581221,,,
265,นราธิวาส,นราธิวาส สาขาบาเจาะ,073599041,,,
266,นราธิวาส,นราธิวาส สาขาสุไหงโก-ลก,073611589,,,
267,นราธิวาส ,นราธิวาส  อำเภอระแงะ,073671546,,,
268,นราธิวาส ,นราธิวาส  อำเภอยี่งอ,073591479,,,
269,นราธิวาส ,นราธิวาส  อำเภอจะแนะ,073543522,,,
270,นราธิวาส ,นราธิวาส  อำเภอเจาะไอร้อง,073544060,,,
271,นราธิวาส ,นราธิวาส  อำเภอแว้ง,073659232,,,
272,นราธิวาส ,นราธิวาส  อำเภอสุคิริน,073656061,,,
273,นราธิวาส ,นราธิวาส  อำเภอศรีสาคร,073561204,,,
274,น่าน ,น่าน,054710157,,,
275,น่าน,น่าน สาขาท่าวังผา,054799134,,,
276,น่าน,น่าน สาขาเวียงสา,054781679,,,
277,น่าน,น่าน สาขานาน้อย,054789123,,,
278,น่าน,น่าน สาขาปัว,054791005,,,
279,น่าน,น่าน สาขาเชียงกลาง,054797159,,,
280,น่าน,น่าน อำเภอแม่จริม,054769134,,,
281,น่าน,น่าน อำเภอบ้านหลวง,054761044,,,
282,น่าน,น่าน อำเภอสันติสุข,054767481,,,
283,น่าน,น่าน อำเภอสองแคว,054777030,,,
284,น่าน,น่าน อำเภอนาหมื่น,054787070,,,
285,น่าน,น่าน อำเภอทุ่งช้าง,054795425,,,
286,น่าน,น่าน อำเภอเฉลิมพระเกียรติ ,054779687,,,
287,น่าน,น่าน อำเภอบ่อเกลือ,054768075,,,
288,บึงกาฬ,บึงกาฬ อำเภอบุ่งคล้า,,,,
289,บึงกาฬ,บึงกาฬ อำเภอบึงโขงหลง,042416134,,,
290,บึงกาฬ,บึงกาฬ อำเภอโซ่พิสัย,042481004,,,
291,บึงกาฬ,บึงกาฬ อำเภอพรเจริญ,042489200,,,
292,บึงกาฬ,บึงกาฬ อำเภอศรีวิไล,,,,
293,บึงกาฬ,บึงกาฬ อำเภอปากคาด,042481004,,,
294,บุรีรัมย์,บุรีรัมย์ สาขานางรอง,044631269,,,
295,บุรีรัมย์,บุรีรัมย์ สาขาประโคนชัย,044670147,,,
296,บุรีรัมย์,บุรีรัมย์ สาขาลำปลายมาศ,044661050,,,
297,บุรีรัมย์,บุรีรัมย์ สาขากระสัง,044691038,,,
298,บุรีรัมย์,บุรีรัมย์ สาขาสตึก,044681093,,,
299,บุรีรัมย์,บุรีรัมย์ สาขาพุทไธสง,044689043,,,
300,บุรีรัมย์,บุรีรัมย์ สาขาสตึก ส่วนแยกคูเมือง,044699381,,,
301,บุรีรัมย์,บุรีรัมย์ สาขานางรอง ส่วนแยกละหานทราย,044649440,,,
302,บุรีรัมย์,บุรีรัมย์ อำเภอห้วยราช,044658076,,,
303,บุรีรัมย์,บุรีรัมย์ อำเภอหนองกี่,044641753,,,
304,บุรีรัมย์,บุรีรัมย์ อำเภอโนนดินแดง ,044606571,,,
305,บุรีรัมย์,บุรีรัมย์ อำเภอปะคำ,044646050,,,
306,บุรีรัมย์,บุรีรัมย์ อำเภอเฉลิมพระเกียรติ,044628102,,,
307,บุรีรัมย์,บุรีรัมย์ อำเภอพลับพลาชัย ,044608242,,,
308,บุรีรัมย์,บุรีรัมย์ อำเภอบ้านกรวด,044679458,,,
309,บุรีรัมย์,บุรีรัมย์ อำเภอนาโพธิ์ ,044686226,,,
310,บุรีรัมย์,บุรีรัมย์ อำเภอหนองหงส์,044669469,,,
311,ปทุมธานี,ปทุมธานี สาขาคลองหลวง,029099001-3,,,
312,ปทุมธานี ,ปทุมธานี  อำเภอสามโคก,025932591,,,
313,ปทุมธานี ,ปทุมธานี  อำเภอหนองเสือ,025491045,,,
314,ปทุมธานี ,ปทุมธานี  อำเภอลาดหลุมแก้ว,0867644809,,,
315,ประจวบคีรีขันธ์,ประจวบคีรีขันธ์,032611211,,,
316,ประจวบคีรีขันธ์,ประจวบคีรีขันธ์ สาขาหัวหิน,032827771-2,032536164,,
317,ประจวบคีรีขันธ์,ประจวบคีรีขันธ์ สาขาบางสะพาน,032697430-1,,,
318,ประจวบคีรีขันธ์,ประจวบคีรีขันธ์ สาขาปราณบุรี,032623260,,,
319,ประจวบคีรีขันธ์ ,ประจวบคีรีขันธ์  อำเภอกุยบุรี,032682004,,,
320,ประจวบคีรีขันธ์ ,ประจวบคีรีขันธ์  อำเภอทับสะแก,032671548,,,
321,ประจวบคีรีขันธ์ ,ประจวบคีรีขันธ์  อำเภอบางสะพานน้อย,032699250,,,
322,ประจวบคีรีขันธ์ ,ประจวบคีรีขันธ์  อำเภอสามร้อยยอด,039684215,,,
323,ปราจีนบุรี,ปราจีนบุรี,037454101-3,0374544347,037454459,
324,ปราจีนบุรี,ปราจีนบุรี สาขากบินทร์บุรี,037280531,,,
325,ปราจีนบุรี ,ปราจีนบุรี  อำเภอบ้านสร้าง,037271272,,,
326,ปราจีนบุรี ,ปราจีนบุรี  อำเภอประจันตคาม,037291499,,,
327,ปราจีนบุรี ,ปราจีนบุรี  อำเภอศรีมหาโพธิ์,037279408,,,
328,ปราจีนบุรี ,ปราจีนบุรี  อำเภอศรีมโหสถ,037276507,,,
329,ปราจีนบุรี ,ปราจีนบุรี  อำเภอนาดี,037289082,,,
330,ปัตตานี ,ปัตตานี,073336134,,,
331,ปัตตานี,ปัตตานี สาขาโคกโพธิ์,073431570,,,
332,ปัตตานี,ปัตตานี สาขาปานาเระ,073485376,,,
333,ปัตตานี,ปัตตานี สาขาสายบุรี,073411507,,,
334,ปัตตานี,ปัตตานี อำเภอยะรัง,073439220,,,
335,ปัตตานี,ปัตตานี อำเภอหนองจิก,073434047,,,
336,ปัตตานี,ปัตตานี อำเภอยะหริ่ง,073491016,,,
337,ปัตตานี,ปัตตานี อำเภอแม่ลาน,073335503,,,
338,ปัตตานี,ปัตตานี อำเภอมายอ,073497209,,,
339,ปัตตานี,ปัตตานี อำเภอทุ่งยางแดง,073489063,,,
340,ปัตตานี,ปัตตานี อำเภอกะพ้อ,073494223,,,
341,ปัตตานี,ปัตตานี อำเภอไม้แก่น ,073481218,,,
342,พระนครศรีอยุธยา,พระนครศรีอยุธยา สาขาเสนา,035217163,,,
343,พระนครศรีอยุธยา,พระนครศรีอยุธยา สาขาท่าเรือ,035341824,035762666,,
344,พระนครศรีอยุธยา,พระนครศรีอยุธยา สาขาวังน้อย,035275011-12,,,
345,พระนครศรีอยุธยา ,พระนครศรีอยุธยา  อำเภอบางไทร,035371234,,,
346,พระนครศรีอยุธยา ,พระนครศรีอยุธยา  อำเภอบางปะหัน,035301567,,,
347,พระนครศรีอยุธยา ,พระนครศรีอยุธยา  อำเภอบางบาล,035307781,,,
348,พระนครศรีอยุธยา ,พระนครศรีอยุธยา  อำเภอนครหลวง,035359349,,,
349,พระนครศรีอยุธยา ,พระนครศรีอยุธยา  อำเภอผักไห่,035391116,,,
350,พระนครศรีอยุธยา ,พระนครศรีอยุธยา  อำเภอบางซ้าย,035375915,,,
351,พระนครศรีอยุธยา ,พระนครศรีอยุธยา  อำเภอลาดบัวหลวง ,035379180,,,
352,พระนครศรีอยุธยา ,พระนครศรีอยุธยา  อำเภอบ้านแพรก,035386049,,,
353,พระนครศรีอยุธยา ,พระนครศรีอยุธยา  อำเภอภาชี,035312355,,,
354,พระนครศรีอยุธยา ,พระนครศรีอยุธยา  อำเภอมหาราช,035389136,,,
355,พระนครศรีอยุธยา ,พระนครศรีอยุธยา  อำเภอบางปะอิน,035261211,,,
356,พระนครศรีอยุธยา ,พระนครศรีอยุธยา  อำเภออุทัย,035356350,,,
357,พะเยา,พะเยา,,,,
358,พะเยา,พะเยา สาขาเชียงคำ ,,,,
359,พะเยา,พะเยา สาขาแม่ใจ,,,,
360,พะเยา,พะเยา สาขาดอกคำใต้,,,,
361,พะเยา,พะเยา สาขาจุน,,,,
362,พะเยา,พะเยา สาขาปง,,,,
363,พะเยา,พะเยา สาขาปง ส่วนแยกเชียงม่วน,,,,
364,พังงา,พังงา,076481471,,,
365,พังงา,พังงา สาขาตะกั่วป่า,076422477,,,
366,พังงา,พังงา สาขาท้ายเหมือง,076571217,,,
367,พังงา,พังงา สาขาตะกั่วทุ่ง,076496535,,,
368,พังงา ,พังงา  อำเภอทับปุด,076442032,,,
369,พังงา ,พังงา  อำเภอเกาะยาว,076597209,,,
370,พังงา ,พังงา  อำเภอกะปง,076499429,,,
371,พังงา ,พังงา  อำเภอคุระบุรี,076491503,,,
372,พัทลุง ,พัทลุง,074613169,,,
373,พัทลุง,พัทลุง สาขาปากพยูน,074699053,,,
374,พัทลุง,พัทลุง สาขาควนขนุน,074682546,074681524,,
375,พัทลุง,พัทลุง สาขาตะโหมด,074695586,,,
376,พัทลุง ,พัทลุง  อำเภอเขาชัยสน,074697187,,,
377,พัทลุง ,พัทลุง  อำเภอป่าบอน,074841522,,,
378,พัทลุง ,พัทลุง  อำเภอศรีบรรพต,074689505,,,
379,พัทลุง ,พัทลุง  อำเภอป่าพะยอม,074624496,,,
380,พัทลุง ,พัทลุง  อำเภอบางแก้ว,074697187,,,
381,พัทลุง ,พัทลุง  อำเภอกงหรา,074687031,,,
382,พิจิตร ,พิจิตร,056611385,,,
383,พิจิตร ,พิจิตร  สาขาตะพานหิน ,056621939,056623029,,
384,พิจิตร,พิจิตร สาขาโพทะเล,056681211,,,
385,พิจิตร,พิจิตร สาขาบางมูลนาก,056631701,,,
386,พิจิตร,พิจิตร สาขาโพธิ์ประทับช้าง,056689075,,,
387,พิจิตร,พิจิตร สาขาสามง่าม,056691251,,,
388,พิจิตร,พิจิตร อำเภอวังทรายพูน,056695201,,,
389,พิจิตร,พิจิตร อำเภอวชิรบารมี,056900157,,,
390,พิจิตร,พิจิตร อำเภอทับคล้อ,056641029,,,
391,พิจิตร,พิจิตร อำเภอบึงนาราง,,,,
392,พิจิตร,พิจิตร อำเภอดงเจริญ,,,,
393,พิษณุโลก ,พิษณุโลก  สาขาวังทอง ,055311118,,,
394,พิษณุโลก,พิษณุโลก สาขาพรหมพิราม,055369062,,,
395,พิษณุโลก,พิษณุโลก สาขาบางระกำ,055365461,,,
396,พิษณุโลก,พิษณุโลก สาขานครไทย,055389058,,,
397,พิษณุโลก,พิษณุโลก สาขาวัดโบสถ์,055361095,,,
398,พิษณุโลก,พิษณุโลก สาขาบางกระทุ่ม,055391067,,,
399,พิษณุโลก,พิษณุโลก อำเภอชาติตระการ,055365461,,,
400,พิษณุโลก,พิษณุโลก อำเภอเนินมะปราง,055399271,,,
401,เพชรบุรี,เพชรบุรี สาขาชะอำ ,032451058,032451074,,
402,เพชรบุรี,เพชรบุรี สาขาท่ายาง,032784444,,,
403,เพชรบุรี,เพชรบุรี สาขาเขาย้อย,032439679,,,
404,เพชรบุรี ,เพชรบุรี  อำเภอบ้านแหลม,032481075,,,
405,เพชรบุรี ,เพชรบุรี  อำเภอบ้านลาด,032492312,,,
406,เพชรบุรี ,เพชรบุรี  อำเภอหนองหญ้าปล้อง,032494280,,,
407,เพชรบุรี ,เพชรบุรี  อำเภอแก่งกระจาน,032459144,,,
408,เพชรบูรณ์,เพชรบูรณ์ เพชรบูรณ์,056711023,056721389,056720678,056712246
409,เพชรบูรณ์,เพชรบูรณ์ สาขาหนองไผ่  ,056781772,,,
410,เพชรบูรณ์,เพชรบูรณ์ สาขาหล่มสัก,056912226,,,
411,เพชรบูรณ์,เพชรบูรณ์ สาขาวิเชียรบุรี,056791360,056791658,,
412,เพชรบูรณ์,เพชรบูรณ์ สาขาชนแดน,056761558,,,
413,เพชรบูรณ์,เพชรบูรณ์ สาขาหล่มเก่า,056709037,,,
414,เพชรบูรณ์,เพชรบูรณ์ สาขาหล่มสัก ส่วนแยกเข้าค้อ,056728287,,,
415,เพชรบูรณ์,เพชรบูรณ์ อำเภอศรีเทพ,056799060,,,
416,เพชรบูรณ์,เพชรบูรณ์ อำเภอวังโป่ง,056758157,,,
417,เพชรบูรณ์,เพชรบูรณ์ อำเภอบึงสามพัน,056731340,,,
418,เพชรบูรณ์,เพชรบูรณ์ อำเภอน้ำหนาว,056779044,,,
419,แพร่,แพร่,054511551,,,
420,แพร่,แพร่ สาขาสูงเม่น,054541200,,,
421,แพร่,แพร่ สาขาร้องกวาง,054597370,,,
422,แพร่,แพร่ สาขาสอง,054591708,,,
423,แพร่,แพร่ สาขาวังชิ้น,054589121,,,
424,แพร่,แพร่ สาขาลอง,054581653,,,
425,แพร่,แพร่ อำเภอหนองม่วงไข่,054636135,,,
426,แพร่,แพร่ อำเภอเด่นชัย,054613997,,,
427,ภูเก็ต,ภูเก็ต สาขาถลาง,076311617,,,
428,ภูเก็ต,ภูเก็ต อำเภอกะทู้,076321200,,,
429,มหาสารคาม,มหาสารคาม,043777580-1,043777510,,
430,มหาสารคาม,มหาสารคาม สาขาบรบือ,043771492,,,
431,มหาสารคาม,มหาสารคาม สาขาเชียงยืน,043781379,,,
432,มหาสารคาม,มหาสารคาม สาขาโกสุมพิสัย,043761373,,,
433,มหาสารคาม,มหาสารคาม สาขาวาปีปทุม,043799203,,,
434,มหาสารคาม,มหาสารคาม สาขาพยัคฆภูมิพิสัย,043791447,,,
435,มหาสารคาม,มหาสารคาม สาขานาเชือก,043779194,,,
436,มหาสารคาม,มหาสารคาม สาขากันทรวิชัย,043789107,,,
437,มหาสารคาม ,มหาสารคาม  อำเภอแกดำ,043787347,,,
438,มหาสารคาม ,มหาสารคาม  อำเภอนาดูน,043797112,,,
439,มหาสารคาม ,มหาสารคาม  อำเภอยางสีสุราช,043729302,,,
440,มุกดาหาร ,มุกดาหาร,042611542,,,
441,มุกดาหาร ,มุกดาหาร  สาขาคำชะอี ,042691214,,,
442,มุกดาหาร ,มุกดาหาร  อำเภอดอนตาล,042689484,,,
443,มุกดาหาร ,มุกดาหาร  อำเภอนิคมคำสร้อย,042681338,,,
444,มุกดาหาร ,มุกดาหาร  อำเภอดงหลวง,042697160,,,
445,มุกดาหาร ,มุกดาหาร  อำเภอหว้านใหญ่,042699160,,,
446,มุกดาหาร ,มุกดาหาร  อำเภอหนองสูง,042674601,,,
447,แม่ฮ่องสอน ,แม่ฮ่องสอน,053612138,,,
448,แม่ฮ่องสอน,แม่ฮ่องสอน สาขาแม่สะเรียง,053681369,,,
449,แม่ฮ่องสอน,แม่ฮ่องสอน สาขาปาย,053699225,,,
450,แม่ฮ่องสอน,แม่ฮ่องสอน อำเภอขุนยวม,053691133,,,
451,แม่ฮ่องสอน,แม่ฮ่องสอน อำเภอปางมะผ้า,,,,
452,แม่ฮ่องสอน,แม่ฮ่องสอน อำเภอสบเมย,053689134,,,
453,แม่ฮ่องสอน,แม่ฮ่องสอน อำเภอแม่ลาน้อย,053689232,,,
454,ยโสธร ,ยโสธร,045711524,,,
455,ยโสธร,ยโสธร สาขาคำเขื่อนแก้ว,045791251,,,
456,ยโสธร,ยโสธร สาขามหาชนะชัย,045799119,,,
457,ยโสธร,ยโสธร สาขาเลิงนกทา,045781282,,,
458,ยโสธร,ยโสธร สาขากุดชุม,045789089,,,
459,ยโสธร,ยโสธร อำเภอป่าติ้ว,045795077,,,
460,ยโสธร,ยโสธร อำเภอทรายมูล,045787043,,,
461,ยโสธร,ยโสธร อำเภอค้อวัง,045797089,,,
462,ยโสธร,ยโสธร อำเภอไทยเจริญ,045718345,,,
463,ยะลา ,ยะลา,073212819,,,
464,ยะลา,ยะลา สาขาเบตง,073232018,,,
465,ยะลา,ยะลา สาขายะหา,073291272,,,
466,ยะลา,ยะลา สาขาบันนังสตา,073289546,,,
467,ยะลา,ยะลา สาขารามัน,073295095,,,
468,ยะลา,ยะลา อำเภอกาบัง,073239238,,,
469,ยะลา,ยะลา อำเภอธารโต,073297239,,,
470,ร้อยเอ็ด,ร้อยเอ็ด สาขาจตุรพักตรพิมาน,043561078,,,
471,ร้อยเอ็ด,ร้อยเอ็ด สาขาพนมไพร,043591232,,,
472,ร้อยเอ็ด,ร้อยเอ็ด สาขาเสลภูมิ,043551330,,,
473,ร้อยเอ็ด,ร้อยเอ็ด สาขาสุวรรณภูมิ,043581434,,,
474,ร้อยเอ็ด,ร้อยเอ็ด สาขาเกษตรวิสัย,043589253,,,
475,ร้อยเอ็ด,ร้อยเอ็ด สาขาอาจสามารถ,043599123,,,
476,ร้อยเอ็ด,ร้อยเอ็ด สาขาโพนทอง,043571139,,,
477,ร้อยเอ็ด,ร้อยเอ็ด สาขาธวัชบุรี,043569066,,,
478,ร้อยเอ็ด,ร้อยเอ็ด สาขาปทุมรัตต์,043587123,,,
479,ร้อยเอ็ด,ร้อยเอ็ด อำเภอศรีสมเด็จ,043508396,,,
480,ร้อยเอ็ด,ร้อยเอ็ด อำเภอจังหาร,043507144,,,
481,ร้อยเอ็ด,ร้อยเอ็ด อำเภอโพนทราย,043595166,,,
482,ร้อยเอ็ด,ร้อยเอ็ด อำเภอเมืองสรวง,043597465,,,
483,ร้อยเอ็ด,ร้อยเอ็ด อำเภอหนองพอก ,043579618,,,
484,ร้อยเอ็ด,ร้อยเอ็ด อำเภอโพธิ์ชัย ,043567191,,,
485,ร้อยเอ็ด,ร้อยเอ็ด อำเภอเมยวดี,043577455,,,
486,ร้อยเอ็ด,ร้อยเอ็ด อำเภอทุ่งเขาหลวง,043577144,,,
487,ร้อยเอ็ด,ร้อยเอ็ด อำเภอเชียงขวัญ,043509118,,,
488,ระนอง ,ระนอง,077821510,,,
489,ระนอง,ระนอง อำเภอกระบุรี,077891252,,,
490,ระนอง,ระนอง อำเภอละอุ่น,077899057,,,
491,ระนอง,ระนอง อำเภอกะเปอร์,077897127,,,
492,ระนอง,ระนอง อำเภอสุขสำราญ,077893121,,,
493,ระยอง,ระยอง สาขาแกลง,038669259,038669404,,
494,ระยอง,ระยอง สาขาบ้านค่าย,038641007,,,
495,ระยอง,ระยอง สาขาบ้านฉาง,038601793,,,
496,ระยอง,ระยอง สาขาปลวกแดง,038659093,,,
497,ระยอง ,ระยอง  อำเภอวังจันทร์,038888279,,,
498,ราชบุรี,ราชบุรี,032337009,032325800,,
499,ราชบุรี,ราชบุรี สาขาบ้านโป่ง ,032211250,,,
500,ราชบุรี,ราชบุรี สาขาโพธาราม,032231840,,,
501,ราชบุรี,ราชบุรี สาขาปากท่อ,032281326,,,
502,ราชบุรี,ราชบุรี สาขาจอมบึง,032261136,,,
503,ราชบุรี,ราชบุรี สาขาสวนผึ้ง,032364446,,,
504,ราชบุรี,ราชบุรี อำเภอดำเนินสะดวก,032253311,,,
505,ราชบุรี  ,ราชบุรี อำเภอวัดเพลง,,,,
506,ราชบุรี  ,ราชบุรี อำเภอบางแพ,032383449,,,
507,ราชบุรี   ,ราชบุรี อำเภอบ้านคา,,,,
508,ลพบุรี ,ลพบุรี  สาขาชัยบาดาล,036776536-8,,,
509,ลพบุรี,ลพบุรี สาขาโคกสำโรง,036776090,,,
510,ลพบุรี,ลพบุรี สาขาบ้านหมี่,036471478,036628033,,
511,ลพบุรี,ลพบุรี สาขาพัฒนานิคม,036491415,,,
512,ลพบุรี,ลพบุรี อำเภอท่าวุ้ง,036481396,,,
513,ลพบุรี  ,ลพบุรี   อำเภอโคกเจริญ,036651025,,,
514,ลพบุรี  ,ลพบุรี   อำเภอสระโบสถ์,036439039,,,
515,ลพบุรี  ,ลพบุรี   อำเภอหนองม่วง ,036431498,,,
516,ลพบุรี  ,ลพบุรี   อำเภอท่าหลวง,036497087,,,
517,ลพบุรี  ,ลพบุรี   อำเภอลำสนธิ,036425704,,,
518,ลำปาง,ลำปาง สาขาห้างฉัตร,054269113,,,
519,ลำปาง,ลำปาง สาขาแม่ทะ,054289250,,,
520,ลำปาง,ลำปาง สาขาเสริมงาม,054286065,,,
521,ลำปาง,ลำปาง สาขาเถิน,054291789,,,
522,ลำปาง,ลำปาง สาขาแจ้ห่ม,054271197,,,
523,ลำปาง,ลำปาง สาขาสบปราบ,054096200,,,
524,ลำปาง,ลำปาง สาขางาว,054261125,,,
525,ลำปาง,ลำปาง สาขาแม่พริก,054099117,,,
526,ลำปาง,ลำปาง สาขาวังเหนือ,054079012,,,
527,ลำปาง,ลำปาง สาขาเกาะคา,054281748,,,
528,ลำปาง,ลำปาง อำเภอแม่เมาะ,054340024,,,
529,ลำปาง,ลำปาง อำเภอเมืองปาน,054276344,,,
530,ลำพูน ,ลำพูน  ป่าซาง,053521767,,,
531,ลำพูน,ลำพูน สาขาบ้างโฮ่ง,053591465,,,
532,ลำพูน,ลำพูน สาขาลี้,053979812,,,
533,ลำพูน,ลำพูน ส่วนแยกบ้านธิ,053501695,,,
534,ลำพูน,ลำพูน สาขาแม่ทา,053976091,,,
535,ลำพูน,ลำพูน อำเภอทุ่งหัวช้าง ,053975001,,,
536,เลย ,เลย,042811560,042813551,,
537,เลย,เลย สาขาเชียงคาน,042821033,042821964,,
538,เลย,เลย สาขาวังสะพุง,042841560,,,
539,เลย,เลย สาขาภูกระดึง,042871401,,,
540,เลย,เลย สาขาด่านซ้าย,042891330,,,
541,เลย,เลย อำเภอท่าลี่,042889053,,,
542,เลย,เลย อำเภอนาด้วง,042887121,,,
543,เลย,เลย อำเภอปากชม,042881022,,,
544,เลย,เลย อำเภอภูหลวง,042879159,,,
545,เลย,เลย อำเภอผาขาว,042853206,,,
546,เลย,เลย อำเภอนาแห้ว,042897012,,,
547,เลย,เลย อำเภอภูเรือ,042899365,,,
548,เลย,เลย อำเภอเอราวัณ,042853206,,,
549,เลย,เลย อำเภอหนองหิน,042852073,,,
550,ศรีสะเกษ,ศรีสะเกษ,045612600,,,
551,ศรีสะเกษ,ศรีสะเกษ สาขาอุทุมพรพิสัย ,045692126,,,
552,ศรีสะเกษ,ศรีสะเกษ สาขาขุขันธ์,045671242,045671803,,
553,ศรีสะเกษ,ศรีสะเกษ สาขารังษีไศล,045681185,,,
554,ศรีสะเกษ,ศรีสะเกษ สาขาปรางค์กู่,045697130,,,
555,ศรีสะเกษ,ศรีสะเกษ สาขากันทรลักษณ์,045661570,045635602-3,,
556,ศรีสะเกษ,ศรีสะเกษ สาขากันทรารมย์,045651193,045651346,,
557,ศรีสะเกษ,ศรีสะเกษ สาขาขุนหาญ,045679204,,,
558,ศรีสะเกษ,ศรีสะเกษ อำเภอยางชุมน้อย,045687339,,,
559,ศรีสะเกษ,ศรีสะเกษ อำเภอวังหิน,045606118,,,
560,ศรีสะเกษ,ศรีสะเกษ อำเภอห้วยทับทัน,045699341,,,
561,ศรีสะเกษ,ศรีสะเกษ อำเภอศรีรัตนะ,045677152,,,
562,ศรีสะเกษ,ศรีสะเกษ อำเภอโนนคูณ,045659144,,,
563,ศรีสะเกษ,ศรีสะเกษ อำเภอน้ำเกลี้ยง,045609121,,,
564,ศรีสะเกษ,ศรีสะเกษ อำเภอไพรบึง,045675245,,,
565,สกลนคร ,สกลนคร,042711158,042711973,,
566,สกลนคร ,สกลนคร  สาขาสว่างแดนดิน ,042722224,,,
567,สกลนคร,สกลนคร สาขาพังโคน,042771155,,,
568,สกลนคร,สกลนคร สาขาวานรนิวาส,042791486,,,
569,สกลนคร,สกลนคร สาขาอากาศอำนวย,042799244,,,
570,สกลนคร,สกลนคร สาขาพรรณานิคม,042779187,,,
571,สกลนคร,สกลนคร สาขาวาริชภูมิ,042781248,,,
572,สกลนคร,สกลนคร สาขาวานรนิวาส ส่วนแยกบ้านม่วง,042794206,,,
573,สกลนคร,สกลนคร ส่วนแยกกุสุมาลย์,042769126,,,
574,สกลนคร,สกลนคร อำเภอกุดบาก,042784337,,,
575,สกลนคร,สกลนคร อำเภอเต่างอย,042761444,,,
576,สกลนคร,สกลนคร อำเภอโคกศรีสุพรรณ,042766644,,,
577,สกลนคร,สกลนคร อำเภอโพนนาแก้ว,042707107,,,
578,สกลนคร,สกลนคร อำเภอภูพาน,042708220,,,
579,สกลนคร,สกลนคร อำเภอคำตากล้า,042796613,,,
580,สกลนคร,สกลนคร อำเภอเจริญศิลป์,042709181,,,
581,สกลนคร,สกลนคร อำเภอส่องดาว,042786215,,,
582,สกลนคร,สกลนคร อำเภอนิคมน้ำอูน,042789242,,,
583,สงขลา,สงขลา สาขาสะเดา,074298868,,,
584,สงขลา,สงขลา สาขาจะนะ,074207096,,,
585,สงขลา,สงขลา สาขาระโนด,074392331,074391034,,
586,สงขลา,สงขลา สาขารัตภูมิ,074388811-2,,,
587,สงขลา,สงขลา สาขาสทิงพระ,074397060,,,
588,สงขลา,สงขลา สาขาเทพา,074376446,,,
589,สงขลา,สงขลา สาขานาทวี,074373441,,,
590,สงขลา,สงขลา สาขาหาดใหญ่ ส่วนแยกบางกล่ำ,074580868,,,
591,สงขลา,สงขลา สาขาสิงหนคร,074331581,,,
592,สงขลา,สงขลา อำเภอบางกล่ำ,074328025,,,
593,สงขลา,สงขลา อำเภอนาหม่อม,074382191,,,
594,สงขลา,สงขลา อำเภอคลองหอยโข่ง,074501073,,,
595,สงขลา,สงขลา อำเภอกระแสสินธุ์,074399168,,,
596,สงขลา,สงขลา อำเภอควนเนียง,074386440,,,
597,สงขลา,สงขลา อำเภอสะบ้าย้อย,074377026,,,
598,สตูล,สตูล,074711062,,,
599,สตูล,สตูล สาขาละงู,074701602,,,
600,สตูล ,สตูล  อำเภอควนกาหลง,074791150,,,
601,สตูล ,สตูล  อำเภอควนโดน,074795168,,,
602,สตูล ,สตูล  อำเภอท่าแพ,074787128,,,
603,สตูล ,สตูล  อำเภอทุ่งหว้า,074789168,,,
604,สตูล ,สตูล  อำเภอมะนัง,074789168,,,
605,สมุทรปราการ ,สมุทรปราการ  สาขาพระประแดง,024632006-7,,,
606,สมุทรปราการ,สมุทรปราการ สาขาพระสมุทรเจดีย์,024537151,,,
607,สมุทรปราการ ,สมุทรปราการ  อำเภอบางบ่อ,027084084,,,
608,สมุทรสงคราม,สมุทรสงคราม สมุทรสงคราม,0344711323,034711337,,
609,สมุทรสงคราม,สมุทรสงคราม อำเภออัมพวา,,,,
610,สมุทรสงคราม,สมุทรสงคราม อำเภอบางคนที,,,,
611,สมุทรสาคร ,สมุทรสาคร  สาขากระทุ่มแบน,034848948,,,
612,สมุทรสาคร ,สมุทรสาคร  สาขาบ้านแพ้ว ,034850793-4,,,
613,สระแก้ว,สระแก้ว,037242656,,,
614,สระแก้ว,สระแก้ว สาขาอรัญประเทศ,037231944,,,
615,สระแก้ว,สระแก้ว อำเภอวังน้ำเย็น,037251194,,,
616,สระแก้ว,สระแก้ว อำเภอคลองหาด,037445079,,,
617,สระแก้ว,สระแก้ว อำเภอตาพระยา,037269223,,,
618,สระแก้ว,สระแก้ว อำเภอวัฒนานคร,037261309,,,
619,สระแก้ว,สระแก้ว อำเภอวังสมบูรณ์,037449220,,,
620,สระแก้ว,สระแก้ว อำเภอโคกสูง,037441414,,,
621,สระบุรี,สระบุรี สาขาหนองแค ,036337065,,,
622,สระบุรี,สระบุรี สาขาแก่งคอย,036245316,,,
623,สระบุรี,สระบุรี สาขาพระพุทธบาท,036239389,,,
624,สระบุรี,สระบุรี อำเภอหนองแซง,036399056,,,
625,สระบุรี,สระบุรี อำเภอเสาไห้,036391249,,,
626,สระบุรี,สระบุรี อำเภอมวกเหล็ก,036346738,,,
627,สระบุรี,สระบุรี อำเภอวังม่วง,036730155,,,
628,สระบุรี,สระบุรี อำเภอวิหารแดง,036377382,,,
629,สระบุรี,สระบุรี อำเภอหนองโดน,036397059,,,
630,สระบุรี,สระบุรี อำเภอบ้านหมอ,036201229,,,
631,สระบุรี,สระบุรี อำเภอดอนพุด,036385507,,,
632,สิงห์บุรี,สิงห์บุรี,036511120,,,
633,สิงห์บุรี,สิงห์บุรี อำเภออินทร์บุรี,036581132,,,
634,สิงห์บุรี,สิงห์บุรี อำเภอบางระจัน,036591500,,,
635,สิงห์บุรี,สิงห์บุรี อำเภอพรหมบุรี,036598200,,,
636,สิงห์บุรี,สิงห์บุรี อำเภอท่าช้าง,036595296,,,
637,สิงห์บุรี,สิงห์บุรี อำเภอค่ายบางระจัน,,,,
638,สุโขทัย,สุโขทัย,055613359,,,
639,สุโขทัย,สุโขทัย สาขาสวรรคโลก,055641583,,,
640,สุโขทัย,สุโขทัย สาขาศรีสัชนาลัย,055671031,,,
641,สุโขทัย,สุโขทัย สาขาศรีสำโรง,055681313,,,
642,สุโขทัย,สุโขทัย สาขากงไกรลาศ,055691249,,,
643,สุโขทัย,สุโขทัย อำเภอคีรีมาศ,055695189,,,
644,สุโขทัย,สุโขทัย อำเภอบ้านด่านลานหอย,055634339,,,
645,สุโขทัย,สุโขทัย อำเภอศรีนคร,055652005,,,
646,สุโขทัย,สุโขทัย อำเภอทุ่งเสลี่ยม,055659106,,,
647,สุพรรณบุรี,สุพรรณบุรี สาขาสองพี่น้อง,035531401,035542671,,
648,สุพรรณบุรี,สุพรรณบุรี สาขาอู่ทอง,035531401,,,
649,สุพรรณบุรี,สุพรรณบุรี สาขาเดิมบางนางบวช,035578450,,,
650,สุพรรณบุรี,สุพรรณบุรี สาขาสามชุก,035434072,,,
651,สุพรรณบุรี,สุพรรณบุรี สาขาศรีประจันต์,035581040,,,
652,สุพรรณบุรี,สุพรรณบุรี สาขาดอนเจดีย์,035591238,,,
653,สุพรรณบุรี,สุพรรณบุรี อำเภอบางปลาม้า,035586026,,,
654,สุพรรณบุรี,สุพรรณบุรี อำเภอด่านช้าง,035596094,,,
655,สุพรรณบุรี,สุพรรณบุรี อำเภอหนองหญ้าไซ,035577126,,,
656,สุราษฎร์ธานี,สุราษฎร์ธานี,077272178,077206916,,
657,สุราษฎร์ธานี,สุราษฎร์ธานี สาขาเกาะสมุย,077423252,077423253,,
658,สุราษฎร์ธานี,สุราษฎร์ธานี สาขาบ้านนาสาร,077341130,,,
659,สุราษฎร์ธานี,สุราษฎร์ธานี สาขาไชยา,077228752,,,
660,สุราษฎร์ธานี,สุราษฎร์ธานี สาขาบ้านตาขุน,077397262,,,
661,สุราษฎร์ธานี,สุราษฎร์ธานี สาขาเวียงสระ,077366784,,,
662,สุราษฎร์ธานี,สุราษฎร์ธานี สาขากาญจนดิษฐ์,077379231,,,
663,สุราษฎร์ธานี,สุราษฎร์ธานี สาขาพุนพิน,077311022,,,
664,สุราษฎร์ธานี,สุราษฎร์ธานี สาขาพระแสง,077369119,,,
665,สุราษฎร์ธานี,สุราษฎร์ธานี สาขาเกาะสมุย ส่วนแยกเกาะพะงัน,077377512,077377749,,
666,สุราษฎร์ธานี,สุราษฎร์ธานี สาขาไชยา ส่วนแยกท่าฉาง,077389126,,,
667,สุราษฎร์ธานี,สุราษฎร์ธานี สาขากาญจนดิษฐ์ ส่วนแยกดอนสัก,077371122,,,
668,สุราษฎร์ธานี,สุราษฎร์ธานี อำเภอเคียนซา,077387333,,,
669,สุราษฎร์ธานี,สุราษฎร์ธานี อำเภอบ้านนาเดิม,077359231,,,
670,สุราษฎร์ธานี,สุราษฎร์ธานี อำเภอท่าชนะ,077381296,,,
671,สุราษฎร์ธานี,สุราษฎร์ธานี อำเภอพนม,077399400,,,
672,สุราษฎร์ธานี,สุราษฎร์ธานี อำเภอคีรีรัฐนิคม,077391115,,,
673,สุราษฎร์ธานี,สุราษฎร์ธานี อำเภอชัยบุรี,077367494,,,
674,สุราษฎร์ธานี,สุราษฎร์ธานี อำเภอวิภาวดี,077292081,,,
675,สุรินทร์ ,สุรินทร์  สาขาสังขะ,044571214,,,
676,สุรินทร์,สุรินทร์ สาขาท่าตูม,044591158,,,
677,สุรินทร์,สุรินทร์ สาขาศีขรภูมิ,044561318,,,
678,สุรินทร์,สุรินทร์ สาขาปราสาท,044551369,,,
679,สุรินทร์,สุรินทร์ สาขาจอมพระ,044581143,,,
680,สุรินทร์,สุรินทร์ สาขารัตนบุรี,011599251,,,
681,สุรินทร์,สุรินทร์ สาขาชุมพลบุรี,044596072,,,
682,สุรินทร์,สุรินทร์ สาขาศีขรภูมิ ส่วนแยกสำโรงทาบ,044569120,,,
683,สุรินทร์,สุรินทร์ อำเภอสนม,044589024,,,
684,สุรินทร์,สุรินทร์ อำเภอกาบเชิง,044559339,,,
685,สุรินทร์,สุรินทร์ อำเภอลำดวน,044541491,,,
686,สุรินทร์,สุรินทร์ อำเภอบัวเชด,044579311,,,
687,สุรินทร์,สุรินทร์ อำเภอพนมดงรัก,044508321,,,
688,หนองคาย ,หนองคาย  อำเภอศรีเชียงใหม่,042418217,,,
689,หนองคาย ,หนองคาย  อำเภอสังคม,042441091,,,
690,หนองคาย ,หนองคาย  อำเภอรัตนวาปี,042418217,,,
691,หนองคาย ,หนองคาย  อำเภอเฝ้าไร่,042417273,,,
692,หนองคาย ,หนองคาย  อำเภอโพธิ์ตาก ,042483444,,,
693,หนองบัวลำภู,หนองบัวลำภู,042312887,,,
694,หนองบัวลำภู,หนองบัวลำภู สาขาศรีบุญเรือง,042354088,,,
695,หนองบัวลำภู,หนองบัวลำภู อำเภอโนนสัง,042375454,,,
696,หนองบัวลำภู,หนองบัวลำภู อำเภอนากลาง,042359333,,,
697,หนองบัวลำภู,หนองบัวลำภู อำเภอสุวรรณคูหา,042372498,,,
698,หนองบัวลำภู,หนองบัวลำภู อำเภอนาวัง,042004034,,,
699,อ่างทอง,อ่างทอง อ่างทอง,035611642,,,
700,อ่างทอง,อ่างทอง อำเภอไชโย,035699343,,,
701,อ่างทอง,อ่างทอง อำเภอป่าโมก,035661048,,,
702,อ่างทอง,อ่างทอง อำเภอวิเศษชัยชาญ,035631175,,,
703,อ่างทอง,อ่างทอง อำเภอแสวงหา,035695162,,,
704,อ่างทอง,อ่างทอง อำเภอโพธิ์ทอง,035691069,,,
705,อ่างทอง,อ่างทอง อำเภอสามโก้,035697006,,,
706,อำนาจเจริญ,อำนาจเจริญ,045523026,,,
707,อำนาจเจริญ,อำนาจเจริญ สาขาหัวตะพาน,045469109,,,
708,อำนาจเจริญ,อำนาจเจริญ ส่วนแยกพนา,045463051,,,
709,อำนาจเจริญ,อำนาจเจริญ อำเภอชานุมาน,045466457,,,
710,อำนาจเจริญ,อำนาจเจริญ อำเภอเสนางคนิคม,045461500,,,
711,อำนาจเจริญ,อำนาจเจริญ อำเภอปทุมราชวงศา,045465341,,,
712,อำนาจเจริญ,อำนาจเจริญ อำเภอลืออำนาจ,045547200,,,
713,อุดรธานี,อุดรธานี สาขาหนองหาน,042261181,,,
714,อุดรธานี,อุดรธานี สาขากุมภวาปี ,042334599,,,
715,อุดรธานี,อุดรธานี สาขาบ้านดุง,042271334,,,
716,อุดรธานี,อุดรธานี สาขาบ้านผือ,042281288,,,
717,อุดรธานี,อุดรธานี สาขาเพ็ญ,042279138,,,
718,อุดรธานี,อุดรธานี สาขากุมภวาปี ส่วนแยกโนนสะอาด,042392733,,,
719,อุดรธานี,อุดรธานี สาขาหนองวัวซอ,042298268,,,
720,อุดรธานี,อุดรธานี สาขากุดจับ,042291169,,,
721,อุดรธานี,อุดรธานี สาขาหนองหาน ส่วนแยกทุ่งฝน,042269109,,,
722,อุดรธานี,อุดรธานี สาขากุมภวาปี ส่วนแยกศรีธาตุ,042382458,,,
723,อุดรธานี,อุดรธานี สาขาบ้านผือ ส่วนแยกน้ำโสม,042287471,,,
724,อุดรธานี,อุดรธานี อำเภอหนองแสง,042396028,,,
725,อุดรธานี,อุดรธานี อำเภอไชยวาน,042265242,,,
726,อุดรธานี,อุดรธานี อำเภอพิบูลย์รักษ์ ,042258118,,,
727,อุดรธานี,อุดรธานี อำเภอวังสามหมอ,042387751,,,
728,อุดรธานี,อุดรธานี อำเภอนายูง ,042132521,,,
729,อุดรธานี,อุดรธานี อำเภอสร้างคอม,042276436,,,
730,อุดรธานี,อุดรธานี อำเภอกู่แก้ว,042256058,,,
731,อุดรธานี,อุดรธานี อำเภอประจักษ์ศิลปาคม,042256058,,,
732,อุตรดิตถ์,อุตรดิตถ์,055411117,,,
733,อุตรดิตถ์,อุตรดิตถ์ สาขาตรอน ,055491117,,,
734,อุตรดิตถ์,อุตรดิตถ์ สาขาน้ำปาด,055481181,,,
735,อุตรดิตถ์,อุตรดิตถ์ สาขาพิชัย,055421429,,,
736,อุตรดิตถ์,อุตรดิตถ์ อำเภอลับแล,055450066,,,
737,อุตรดิตถ์,อุตรดิตถ์ อำเภอท่าปลา,055499033,,,
738,อุตรดิตถ์,อุตรดิตถ์ อำเภอฟากท่า,055489400,,,
739,อุตรดิตถ์,อุตรดิตถ์ อำเภอทองแสนขัน,055418116,,,
740,อุตรดิตถ์,อุตรดิตถ์ อำเภอบ้านโคก,055486123,,,
741,อุทัยธานี,อุทัยธานี,056970162,,,
742,อุทัยธานี,อุทัยธานี สาขาบ้านไร่,056539121,,,
743,อุทัยธานี,อุทัยธานี สาขาหนองฉาง,056531341,,,
744,อุทัยธานี ,อุทัยธานี  อำเภอหนองขาหย่าง,056597082,,,
745,อุทัยธานี ,อุทัยธานี  อำเภอทัพทัน,056591251,,,
746,อุทัยธานี ,อุทัยธานี  อำเภอสว่างอารมณ์,056537121,,,
747,อุทัยธานี ,อุทัยธานี  อำเภอลานสัก,056537121,,,
748,อุทัยธานี ,อุทัยธานี  อำเภอห้วยคต,056518046,,,
749,อุบลราชธานี,อุบลราชธานี อำเภอดอนมดแดง,045308238,,,
750,อุบลราชธานี,อุบลราชธานี อำเภอสำโรง,045303025,,,
751,อุบลราชธานี,อุบลราชธานี อำเภอบุณฑริก,045376036,,,
752,อุบลราชธานี,อุบลราชธานี อำเภอทุ่งศรีอุดม,045307001,,,
753,อุบลราชธานี,อุบลราชธานี อำเภอนาจะหลวย,045379070,,,
754,อุบลราชธานี,อุบลราชธานี อำเภอกุดข้าวปุ้น,045484043,,,
755,อุบลราชธานี,อุบลราชธานี อำเภอโขงเจียม,045351369,,,
756,อุบลราชธานี,อุบลราชธานี อำเภอสิรินธร,045366108,,,
757,อุบลราชธานี,อุบลราชธานี อำเภอตาลสุม,045427043,,,
758,อุบลราชธานี,อุบลราชธานี อำเภอโพธิ์ไทร,045496143,,,
759,อุบลราชธานี,อุบลราชธานี อำเภอนาเยีย,045306174,,,
